{"289463060178010123-444138755620864001": {"experience": 3303, "level": 20, "last_message": 1548076620.7008715}, "519896349827661824-444138755620864001": {"experience": 36, "level": 2, "last_message": 1548066178.121515}, "278830391090216960-444138755620864001": {"experience": 28, "level": 2, "last_message": 1548066580.8874278}}